Archery,,,
,,,
See also: Archery at the 2020 Summer Olympics,,,
,,,
Event,Gold,Silver,Bronze
Men's individual,Mete Gazoz,Mauro Nespoli,Takaharu Furukawa
, Turkey, Italy, Japan
Men's team, South Korea, Chinese Taipei, Japan
,Kim Woo-jin,Deng Yu-cheng,Takaharu Furukawa
,Oh Jin-hyek,Tang Chih-chun,Yuki Kawata
,Kim Je-deok,Wei Chun-heng,Hiroki Muto
Women's individual,An San,Elena Osipova,Lucilla Boari
, South Korea, ROC, Italy
Women's team, South Korea, ROC, Germany
,An San,Svetlana Gomboeva,Michelle Kroppen
,Jang Min-hee,Elena Osipova,Charline Schwarz
,Kang Chae-young,Ksenia Perova,Lisa Unruh
Mixed team, South Korea, Netherlands, Mexico
,Kim Je-deok,Steve Wijler,Luis Álvarez
,An San,Gabriela Schloesser,Alejandra Valencia
,,,
Artistic swimming,,,
,,,
See also: Artistic swimming at the 2020 Summer Olympics,,,
,,,
Event,Gold,Silver,Bronze
Duet,Svetlana Kolesnichenko,Huang Xuechen,Marta Fiedina
,Svetlana Romashina,Sun Wenyan,Anastasiya Savchuk
, ROC, China, Ukraine
Team, ROC, China, Ukraine
,Vlada Chigireva,Feng Yu,Maryna Aleksiiva
,Marina Goliadkina,Guo Li,Vladyslava Aleksiiva
,Svetlana Kolesnichenko,Huang Xuechen,Marta Fiedina
,Polina Komar,Liang Xinping,Kateryna Reznik
,Alexandra Patskevich,Sun Wenyan,Anastasiya Savchuk
,Svetlana Romashina,Wang Qianyi,Alina Shynkarenko
,Alla Shishkina,Xiao Yanning,Kseniya Sydorenko
,Maria Shurochkina,Yin Chengxin,Yelyzaveta Yakhno
,,,
Athletics,,,
,,,
See also: Athletics at the 2020 Summer Olympics,,,
Men's events,,,
,,,
,,,
Event,Gold,Silver,Bronze
100 metres,Marcell Jacobs,Fred Kerley,Andre De Grasse
, Italy, United States, Canada
200 metres,Andre De Grasse,Kenny Bednarek,Noah Lyles
, Canada, United States, United States
400 metres,Steven Gardiner,Anthony Zambrano,Kirani James
, Bahamas, Colombia, Grenada
800 metres,Emmanuel Korir,Ferguson Rotich,Patryk Dobek
, Kenya, Kenya, Poland
1500 metres,Jakob Ingebrigtsen,Timothy Cheruiyot,Josh Kerr
, Norway, Kenya, Great Britain
5000 metres,Joshua Cheptegei,Mohammed Ahmed,Paul Chelimo
, Uganda, Canada, United States
"10,000 metres",Selemon Barega,Joshua Cheptegei,Jacob Kiplimo
, Ethiopia, Uganda, Uganda
110 metres hurdles,Hansle Parchment,Grant Holloway,Ronald Levy
, Jamaica, United States, Jamaica
400 metres hurdles,Karsten Warholm,Rai Benjamin,Alison dos Santos
, Norway, United States, Brazil
3000 metres steeplechase,Soufiane El Bakkali,Lamecha Girma,Benjamin Kigen
, Morocco, Ethiopia, Kenya
4 × 100 metres relay, Italy, Canada, China
,Lorenzo Patta,Aaron Brown,Tang Xingqiang
,Marcell Jacobs,Jerome Blake,Xie Zhenye
,Fausto Desalu,Brendon Rodney,Su Bingtian
,Filippo Tortu,Andre De Grasse,Wu Zhiqiang
4 × 400 metres relay, United States, Netherlands, Botswana
,Michael Cherry,Liemarvin Bonevacia,Isaac Makwala
,Michael Norman,Terrence Agard,Baboloki Thebe
,Bryce Deadmon,Tony van Diepen,Zibane Ngozi
,Rai Benjamin,Ramsey Angela,Bayapo Ndori
,Trevor Stewart,Jochem Dobber,
,Randolph Ross,,
,Vernon Norwood,,
Marathon,Eliud Kipchoge,Abdi Nageeye,Bashir Abdi
, Kenya, Netherlands, Belgium
20 kilometres walk,Massimo Stano,Koki Ikeda,Toshikazu Yamanishi
, Italy, Japan, Japan
50 kilometres walk,Dawid Tomala,Jonathan Hilbert,Evan Dunfee
, Poland, Germany, Canada
High jump,Gianmarco Tamberi,Not awarded,Maksim Nedasekau
, Italy,(as there was a tie for gold), Belarus
Mutaz Essa Barshim,,,
 Qatar,,,
Pole vault,Armand Duplantis,Chris Nilsen,Thiago Braz
, Sweden, United States, Brazil
Long jump,Miltiadis Tentoglou,Juan Miguel Echevarría,Maykel Massó
, Greece, Cuba, Cuba
Triple jump,Pedro Pichardo,Zhu Yaming,Hugues Fabrice Zango
, Portugal, China, Burkina Faso
Shot put,Ryan Crouser,Joe Kovacs,Tom Walsh
, United States, United States, New Zealand
Discus throw,Daniel Ståhl,Simon Pettersson,Lukas Weißhaidinger
, Sweden, Sweden, Austria
Hammer throw,Wojciech Nowicki,Eivind Henriksen,Paweł Fajdek
, Poland, Norway, Poland
Javelin throw,Neeraj Chopra,Jakub Vadlejch,Vítězslav Veselý
, India, Czech Republic, Czech Republic
Decathlon,Damian Warner,Kevin Mayer,Ashley Moloney
, Canada, France, Australia
,,,
Women's events,,,
,,,
,,,
Event,Gold,Silver,Bronze
100 metres,Elaine Thompson-Herah,Shelly-Ann Fraser-Pryce,Shericka Jackson
, Jamaica, Jamaica, Jamaica
200 metres,Elaine Thompson-Herah,Christine Mboma,Gabrielle Thomas
, Jamaica, Namibia, United States
400 metres,Shaunae Miller-Uibo,Marileidy Paulino,Allyson Felix
, Bahamas, Dominican Republic, United States
800 metres,Athing Mu,Keely Hodgkinson,Raevyn Rogers
, United States, Great Britain, United States
1500 metres,Faith Kipyegon,Laura Muir,Sifan Hassan
, Kenya, Great Britain, Netherlands
5000 metres,Sifan Hassan,Hellen Obiri,Gudaf Tsegay
, Netherlands, Kenya, Ethiopia
"10,000 metres",Sifan Hassan,Kalkidan Gezahegne,Letesenbet Gidey
, Netherlands, Bahrain, Ethiopia
100 metres hurdles,Jasmine Camacho-Quinn,Kendra Harrison,Megan Tapper
, Puerto Rico, United States, Jamaica
400 metres hurdles,Sydney McLaughlin,Dalilah Muhammad,Femke Bol
, United States, United States, Netherlands
3000 metres steeplechase,Peruth Chemutai,Courtney Frerichs,Hyvin Jepkemoi
, Uganda, United States, Kenya
4 × 100 metres relay, Jamaica, United States, Great Britain
,Briana Williams,Javianne Oliver,Asha Philip
,Elaine Thompson-Herah,Teahna Daniels,Imani-Lara Lansiquot
,Shelly-Ann Fraser-Pryce,Jenna Prandini,Dina Asher-Smith
,Shericka Jackson,Gabrielle Thomas,Daryll Neita
,Natasha Morrison,English Gardner,
,Remona Burchell,Aleia Hobbs,
4 × 400 metres relay, United States, Poland, Jamaica
,Sydney McLaughlin,Natalia Kaczmarek,Roneisha McGregor
,Allyson Felix,Iga Baumgart-Witan,Janieve Russell
,Dalilah Muhammad,Małgorzata Hołub-Kowalik,Shericka Jackson
,Athing Mu,Justyna Święty-Ersetic,Candice McLeod
,Kendall Ellis,Anna Kiełbasińska,Junelle Bromfield
,Lynna Irby,,Stacey-Ann Williams
,Wadeline Jonathas,,
,Kaylin Whitney,,
Marathon,Peres Jepchirchir,Brigid Kosgei,Molly Seidel
, Kenya, Kenya, United States
20 kilometres walk,Antonella Palmisano,Sandra Arenas,Liu Hong
, Italy, Colombia, China
High jump,Mariya Lasitskene,Nicola McDermott,Yaroslava Mahuchikh
, ROC, Australia, Ukraine
Pole vault,Katie Nageotte,Anzhelika Sidorova,Holly Bradshaw
, United States, ROC, Great Britain
Long jump,Malaika Mihambo,Brittney Reese,Ese Brume
, Germany, United States, Nigeria
Triple jump,Yulimar Rojas,Patrícia Mamona,Ana Peleteiro
, Venezuela, Portugal, Spain
Shot put,Gong Lijiao,Raven Saunders,Valerie Adams
, China, United States, New Zealand
Discus throw,Valarie Allman,Kristin Pudenz,Yaime Pérez
, United States, Germany, Cuba
Hammer throw,Anita Włodarczyk,Wang Zheng,Malwina Kopron
, Poland, China, Poland
Javelin throw,Liu Shiying,Maria Andrejczyk,Kelsey-Lee Barber
, China, Poland, Australia
Heptathlon,Nafissatou Thiam,Anouk Vetter,Emma Oosterwegel
, Belgium, Netherlands, Netherlands
,,,
Mixed events,,,
,,,
,,,
Event,Gold,Silver,Bronze
4 × 400 metres relay, Poland, Dominican Republic, United States
,Kajetan Duszyński,Lidio Andrés Feliz,Kendall Ellis
,Natalia Kaczmarek,Marileidy Paulino,Vernon Norwood
,Justyna Święty-Ersetic,Anabel Medina,Trevor Stewart
,Karol Zalewski,Alexander Ogando,Kaylin Whitney
,Dariusz Kowaluk,Luguelín Santos,Elija Godwin
,Iga Baumgart-Witan,,Lynna Irby
,Małgorzata Hołub-Kowalik,,Taylor Manson
,,,Bryce Deadmon
,,,
Badminton,,,
,,,
See also: Badminton at the 2020 Summer Olympics,,,
,,,
Event,Gold,Silver,Bronze
Men's singles,Viktor Axelsen,Chen Long,Anthony Sinisuka Ginting
, Denmark, China, Indonesia
Men's doubles,Lee Yang,Li Junhui,Aaron Chia
,and Wang Chi-lin,and Liu Yuchen,and Soh Wooi Yik
, Chinese Taipei, China, Malaysia
Women's singles,Chen Yufei,Tai Tzu-ying,P. V. Sindhu
, China, Chinese Taipei, India
Women's doubles,Greysia Polii,Chen Qingchen,Kim So-yeong
,and Apriyani Rahayu,and Jia Yifan,and Kong Hee-yong
, Indonesia, China, South Korea
Mixed doubles,Wang Yilyu,Zheng Siwei,Yuta Watanabe
,and Huang Dongping,and Huang Yaqiong,and Arisa Higashino
, China, China, Japan
,,,
Baseball,,,
,,,
See also: Baseball at the 2020 Summer Olympics,,,
,,,
Event,Gold,Silver,Bronze
Men, Japan, United States, Dominican Republic
,Kōyō Aoyagi,Shane Baz,Darío Álvarez
,Suguru Iwazaki,Anthony Carter,Gabriel Arias
,Masato Morishita,Brandon Dickson,Jairo Asencio
,Hiromi Itoh,Anthony Gose,Luis Felipe Castillo
,Yoshinobu Yamamoto,Edwin Jackson,Jumbo Díaz
,Masahiro Tanaka,Scott Kazmir,Junior García
,Yasuaki Yamasaki,Nick Martinez,Jhan Mariñez
,Ryoji Kuribayashi,Scott McGough,Cristopher Mercedes
,Yūdai Ōno,David Robertson,Denyi Reyes
,Kodai Senga,Joe Ryan,Ramón Rosso
,Kaima Taira,Ryder Ryan,Ángel Sánchez
,Ryutaro Umeno,Simeon Woods Richardson,Raúl Valdés
,Takuya Kai,Tim Federowicz,Roldani Baldwin
,Tetsuto Yamada,Mark Kolozsvary,Charlie Valerio
,Sōsuke Genda,Nick Allen,José Bautista
,Hideto Asamura,Eddy Alvarez,Juan Francisco
,Ryosuke Kikuchi,Triston Casas,Jeison Guzmán
,Hayato Sakamoto,Todd Frazier,Erick Mejia
,Munetaka Murakami,Jamie Westbrook,Gustavo Núñez
,Kensuke Kondo,Tyler Austin,Emilio Bonifácio
,Yuki Yanagita,Eric Filia,Melky Cabrera
,Ryoya Kurihara,Patrick Kivlehan,Johan Mieses
,Masataka Yoshida,Jack López,Yefri Pérez
,Seiya Suzuki,Bubba Starling,Julio Rodríguez
,,,
Basketball,,,
,,,
See also: Basketball at the 2020 Summer Olympics,,,
,,,
Event,Gold,Silver,Bronze
Men, United States, France, Australia
,Bam Adebayo,Andrew Albicy,Aron Baynes
,Devin Booker,Nicolas Batum,Matthew Dellavedova
,Kevin Durant,Petr Cornelie,Dante Exum
,Jerami Grant,Nando de Colo,Chris Goulding
,Draymond Green,Moustapha Fall,Josh Green
,Jrue Holiday,Evan Fournier,Joe Ingles
,Keldon Johnson,Rudy Gobert,Nick Kay
,Zach LaVine,Thomas Heurtel,Jock Landale
,Damian Lillard,Timothé Luwawu-Cabarrot,Patty Mills
,JaVale McGee,Frank Ntilikina,Duop Reath
,Khris Middleton,Vincent Poirier,Nathan Sobey
,Jayson Tatum,Guerschon Yabusele,Matisse Thybulle
Women, United States, Japan, France
,Jewell Loyd,Moeko Nagaoka,Alexia Chartereau
,Skylar Diggins-Smith,Maki Takada,Héléna Ciak
,Sue Bird,Naho Miyoshi,Alix Duchet
,Ariel Atkins,Rui Machida,Marine Fauthoux
,Chelsea Gray,Nako Motohashi,Sandrine Gruda
,A'ja Wilson,Nanaka Todo,Marine Johannès
,Breanna Stewart,Saki Hayashi,Sarah Michel
,Napheesa Collier,Evelyn Mawuli,Endéné Miyem
,Diana Taurasi,Saori Miyazaki,Iliana Rupert
,Sylvia Fowles,Yuki Miyazawa,Diandra Tchatchouang
,Tina Charles,Himawari Akaho,Valériane Vukosavljević
,Brittney Griner,Monica Okoye,Gabby Williams
Men 3x3, Latvia, ROC, Serbia
,Agnis Čavars,Ilia Karpenkov,Dušan Domović Bulut
,Edgars Krūmiņš,Kirill Pisklov,Dejan Majstorović
,Kārlis Lasmanis,Stanislav Sharov,Aleksandar Ratkov
,Nauris Miezis,Alexander Zuev,Mihailo Vasić
Women 3x3, United States, ROC, China
,Stefanie Dolson,Evgeniia Frolkina,Wan Jiyuan
,Allisha Gray,Olga Frolkina,Wang Lili
,Kelsey Plum,Yulia Kozik,Yang Shuyu
,Jackie Young,Anastasia Logunova,Zhang Zhiting
,,,
Boxing,,,
,,,
See also: Boxing at the 2020 Summer Olympics,,,
Men's events,,,
,,,
,,,
Event,Gold,Silver,Bronze
Flyweight,Galal Yafai,Carlo Paalam,Ryomei Tanaka
, Great Britain, Philippines, Japan
Saken Bibossinov,,,
 Kazakhstan,,,
Featherweight,Albert Batyrgaziev,Duke Ragan,Samuel Takyi
, ROC, United States, Ghana
Lázaro Álvarez,,,
 Cuba,,,
Lightweight,Andy Cruz,Keyshawn Davis,Hovhannes Bachkov
, Cuba, United States, Armenia
Harry Garside,,,
 Australia,,,
Welterweight,Roniel Iglesias,Pat McCormack,Andrey Zamkovoy
, Cuba, Great Britain, ROC
Aidan Walsh,,,
 Ireland,,,
Middleweight,Hebert Conceição,Oleksandr Khyzhniak,Eumir Marcial
, Brazil, Ukraine, Philippines
Gleb Bakshi,,,
 ROC,,,
Light heavyweight,Arlen López,Benjamin Whittaker,Loren Alfonso
, Cuba, Great Britain, Azerbaijan
Imam Khataev,,,
 ROC,,,
Heavyweight,Julio César La Cruz,Muslim Gadzhimagomedov,David Nyika
, Cuba, ROC, New Zealand
Abner Teixeira,,,
 Brazil,,,
Super heavyweight,Bakhodir Jalolov,Richard Torrez,Frazer Clarke
, Uzbekistan, United States, Great Britain
Kamshybek Kunkabayev,,,
 Kazakhstan,,,
,,,
Women's events,,,
,,,
,,,
Event,Gold,Silver,Bronze
Flyweight,Stoyka Krasteva,Buse Naz Çakıroğlu,Huang Hsiao-wen
, Bulgaria, Turkey, Chinese Taipei
Tsukimi Namiki,,,
 Japan,,,
Featherweight,Sena Irie,Nesthy Petecio,Karriss Artingstall
, Japan, Philippines, Great Britain
Irma Testa,,,
 Italy,,,
Lightweight,Kellie Harrington,Beatriz Ferreira,Sudaporn Seesondee
, Ireland, Brazil, Thailand
Mira Potkonen,,,
 Finland,,,
Welterweight,Busenaz Sürmeneli,Gu Hong,Lovlina Borgohain
, Turkey, China, India
Oshae Jones,,,
 United States,,,
Middleweight,Lauren Price,Li Qian,Nouchka Fontijn
, Great Britain, China, Netherlands
Zemfira Magomedalieva,,,
 ROC,,,
,,,
Canoeing,,,
,,,
See also: Canoeing at the 2020 Summer Olympics,,,
Slalom,,,
,,,
,,,
Event,Gold,Silver,Bronze
Men's C-1,Benjamin Savšek,Lukáš Rohan,Sideris Tasiadis
, Slovenia, Czech Republic, Germany
Men's K-1,Jiří Prskavec,Jakub Grigar,Hannes Aigner
, Czech Republic, Slovakia, Germany
Women's C-1,Jessica Fox,Mallory Franklin,Andrea Herzog
, Australia, Great Britain, Germany
Women's K-1,Ricarda Funk,Maialen Chourraut,Jessica Fox
, Germany, Spain, Australia
,,,
Sprint,,,
,,,
Men's events,,,
,,,
,,,
Event,Gold,Silver,Bronze
C-1 1000 metres,Isaquias Queiroz,Liu Hao,Serghei Tarnovschi
, Brazil, China, Moldova
C-2 1000 metres,Serguey Torres,Liu Hao,Sebastian Brendel
,and Fernando Jorge,and Zheng Pengfei,and Tim Hecker
, Cuba, China, Germany
K-1 200 metres,Sándor Tótka,Manfredi Rizza,Liam Heath
, Hungary, Italy, Great Britain
K-1 1000 metres,Bálint Kopasz,Ádám Varga,Fernando Pimenta
, Hungary, Hungary, Portugal
K-2 1000 metres,Jean van der Westhuyzen,Max Hoff,Josef Dostál
,and Thomas Green,and Jacob Schopf,and Radek Šlouf
, Australia, Germany, Czech Republic
K-4 500 metres, Germany (GER), Spain (ESP), Slovakia (SVK)
,Max Rendschmidt,Saúl Craviotto,Samuel Baláž
,Ronald Rauhe,Marcus Walz,Denis Myšák
,Tom Liebscher,Carlos Arévalo,Erik Vlček
,Max Lemke,Rodrigo Germade,Adam Botek
,,,
Women's events,,,
,,,
,,,
Event,Gold,Silver,Bronze
C-1 200 metres,Nevin Harrison,Laurence Vincent Lapointe,Liudmyla Luzan
, United States, Canada, Ukraine
C-2 500 metres,Xu Shixiao,Liudmyla Luzan,Laurence Vincent Lapointe
,and Sun Mengya,and Anastasiia Chetverikova,and Katie Vincent
, China, Ukraine, Canada
K-1 200 metres,Lisa Carrington,Teresa Portela,Emma Jørgensen
, New Zealand, Spain, Denmark
K-1 500 metres,Lisa Carrington,Tamara Csipes,Emma Jørgensen
, New Zealand, Hungary, Denmark
K-2 500 metres,Lisa Carrington,Karolina Naja,Danuta Kozák
,and Caitlin Regal,and Anna Puławska,and Dóra Bodonyi
, New Zealand, Poland, Hungary
K-4 500 metres, Hungary (HUN), Belarus (BLR), Poland (POL)
,Danuta Kozák,Marharyta Makhneva,Karolina Naja
,Tamara Csipes,Nadzeya Papok,Anna Puławska
,Anna Kárász,Volha Khudzenka,Justyna Iskrzycka
,Dóra Bodonyi,Maryna Litvinchuk,Helena Wiśniewska
,,,
Cycling,,,
,,,
See also: Cycling at the 2020 Summer Olympics,,,
Road cycling,,,
,,,
,,,
Event,Gold,Silver,Bronze
Men's road race,Richard Carapaz,Wout van Aert,Tadej Pogačar
, Ecuador, Belgium, Slovenia
Men's time trial,Primož Roglič,Tom Dumoulin,Rohan Dennis
, Slovenia, Netherlands, Australia
Women's road race,Anna Kiesenhofer,Annemiek van Vleuten,Elisa Longo Borghini
, Austria, Netherlands, Italy
Women's time trial,Annemiek van Vleuten,Marlen Reusser,Anna van der Breggen
, Netherlands, Switzerland, Netherlands
,,,
Track cycling,,,
,,,
Men's events,,,
,,,
,,,
Event,Gold,Silver,Bronze
Keirin,Jason Kenny,Azizulhasni Awang,Harrie Lavreysen
, Great Britain, Malaysia, Netherlands
Madison,Lasse Norman Hansen,Ethan Hayter,Donavan Grondin
,and Michael Mørkøv,and Matt Walls,and Benjamin Thomas
, Denmark, Great Britain, France
Omnium,Matt Walls,Campbell Stewart,Elia Viviani
, Great Britain, New Zealand, Italy
Team pursuit, Italy (ITA), Denmark (DEN), Australia (AUS)
,Simone Consonni,Niklas Larsen,Leigh Howard
,Filippo Ganna,Lasse Norman Hansen,Kelland O'Brien
,Francesco Lamon,Rasmus Pedersen,Luke Plapp
,Jonathan Milan,Frederik Rodenberg,Sam Welsford
,,,Alexander Porter
Sprint,Harrie Lavreysen,Jeffrey Hoogland,Jack Carlin
, Netherlands, Netherlands, Great Britain
Team sprint, Netherlands (NED), Great Britain (GBR), France (FRA)
,Jeffrey Hoogland,Jack Carlin,Florian Grengbo
,Harrie Lavreysen,Jason Kenny,Rayan Helal
,Roy van den Berg,Ryan Owens,Sébastien Vigier
,Matthijs Büchli,,
,,,
Women's events,,,
,,,
,,,
Event,Gold,Silver,Bronze
Keirin,Shanne Braspennincx,Ellesse Andrews,Lauriane Genest
, Netherlands, New Zealand, Canada
Madison,Katie Archibald,Amalie Dideriksen,Gulnaz Khatuntseva
,and Laura Kenny,and Julie Leth,and Maria Novolodskaya
, Great Britain, Denmark, ROC
Omnium,Jennifer Valente,Yumi Kajihara,Kirsten Wild
, United States, Japan, Netherlands
Team pursuit, Germany (GER), Great Britain (GBR), United States (USA)
,Franziska Brauße,Katie Archibald,Chloé Dygert
,Lisa Brennauer,Laura Kenny,Megan Jastrab
,Lisa Klein,Neah Evans,Jennifer Valente
,Mieke Kröger,Josie Knight,Emma White
,,Elinor Barker,Lily Williams
Sprint,Kelsey Mitchell,Olena Starikova,Lee Wai-sze
, Canada, Ukraine, Hong Kong
Team sprint, China (CHN), Germany (GER), ROC
,Bao Shanju,Lea Friedrich,Daria Shmeleva
,Zhong Tianshi,Emma Hinze,Anastasia Voynova
,,,
Mountain biking,,,
,,,
,,,
Event,Gold,Silver,Bronze
Men's,Tom Pidcock,Mathias Flückiger,David Valero
, Great Britain, Switzerland, Spain
Women's,Jolanda Neff,Sina Frei,Linda Indergand
, Switzerland, Switzerland, Switzerland
,,,
BMX,,,
,,,
,,,
Event,Gold,Silver,Bronze
Men's race,Niek Kimmann,Kye Whyte,Carlos Ramírez
, Netherlands, Great Britain, Colombia
Men's freestyle,Logan Martin,Daniel Dhers,Declan Brooks
, Australia, Venezuela, Great Britain
Women's race,Beth Shriever,Mariana Pajón,Merel Smulders
, Great Britain, Colombia, Netherlands
Women's freestyle,Charlotte Worthington,Hannah Roberts,Nikita Ducarroz
, Great Britain, United States, Switzerland
,,,
Diving,,,
,,,
See also: Diving at the 2020 Summer Olympics,,,
Men's events,,,
,,,
,,,
Event,Gold,Silver,Bronze
3 m springboard,Xie Siyi,Wang Zongyuan,Jack Laugher
, China, China, Great Britain
10 m platform,Cao Yuan,Yang Jian,Tom Daley
, China, China, Great Britain
Synchronized 3 m springboard,Xie Siyi,Andrew Capobianco,Patrick Hausding
,and Wang Zongyuan,and Michael Hixon,and Lars Rüdiger
, China, United States, Germany
Synchronized 10 m platform,Tom Daley,Cao Yuan,Aleksandr Bondar
,and Matty Lee,and Chen Aisen,and Viktor Minibaev
, Great Britain, China, ROC
,,,
Women's events,,,
,,,
,,,
Event,Gold,Silver,Bronze
3 m springboard,Shi Tingmao,Wang Han,Krysta Palmer
, China, China, United States
10 m platform,Quan Hongchan,Chen Yuxi,Melissa Wu
, China, China, Australia
Synchronized 3 m springboard,Shi Tingmao,Jennifer Abel,Lena Hentschel
,and Wang Han,and Mélissa Citrini-Beaulieu,and Tina Punzel
, China, Canada, Germany
Synchronized 10 m platform,Chen Yuxi,Delaney Schnell,Gabriela Agúndez
,and Zhang Jiaqi,and Jessica Parratto,and Alejandra Orozco
, China, United States, Mexico
,,,
Equestrian,,,
,,,
See also: Equestrian at the 2020 Summer Olympics,,,
,,,
Event,Gold,Silver,Bronze
Individual dressage,Jessica von Bredow-Werndl,Isabell Werth,Charlotte Dujardin
, Germany, Germany, Great Britain
Team dressage, Germany (GER), United States (USA), Great Britain (GBR)
,Jessica von Bredow-Werndl,Sabine Schut-Kery,Charlotte Fry
,Dorothee Schneider,Adrienne Lyle,Carl Hester
,Isabell Werth,Steffen Peters,Charlotte Dujardin
Individual eventing,Julia Krajewski,Tom McEwen,Andrew Hoy
, Germany, Great Britain, Australia
Team eventing, Great Britain (GBR), Australia (AUS), France (FRA)
,Laura Collett,Kevin McNab,Nicolas Touzaint
,Tom McEwen,Andrew Hoy,Karim Laghouag
,Oliver Townend,Shane Rose,Christopher Six
Individual jumping,Ben Maher,Peder Fredricson,Maikel van der Vleuten
, Great Britain, Sweden, Netherlands
Team jumping, Sweden (SWE), United States (USA), Belgium (BEL)
,Henrik von Eckermann,Laura Kraut,Pieter Devos
,Malin Baryard-Johnsson,Jessica Springsteen,Jérôme Guery
,Peder Fredricson,McLain Ward,Grégory Wathelet
,,,
Fencing,,,
,,,
See also: Fencing at the 2020 Summer Olympics,,,
Men's events,,,
,,,
,,,
Event,Gold,Silver,Bronze
Individual épée,Romain Cannone,Gergely Siklósi,Ihor Reizlin
, France, Hungary, Ukraine
Team épée, Japan (JPN), ROC, South Korea (KOR)
,Koki Kano,Sergey Bida,Park Sang-young
,Kazuyasu Minobe,Sergey Khodos,Ma Se-geon
,Masaru Yamada,Pavel Sukhov,Song Jae-ho
,Satoru Uyama,Nikita Glazkov,Kweon Young-jun
Individual foil,Cheung Ka Long,Daniele Garozzo,Alexander Choupenitch
, Hong Kong, Italy, Czech Republic
Team foil, France (FRA), ROC, United States (USA)
,Enzo Lefort,Anton Borodachev,Race Imboden
,Erwann Le Péchoux,Kirill Borodachev,Nick Itkin
,Julien Mertine,Vladislav Mylnikov,Alexander Massialas
,Maxime Pauty,Timur Safin,Gerek Meinhardt
Individual sabre,Áron Szilágyi,Luigi Samele,Kim Jung-hwan
, Hungary, Italy, South Korea
Team sabre, South Korea (KOR), Italy (ITA), Hungary (HUN)
,Oh Sang-uk,Luca Curatoli,Áron Szilágyi
,Kim Jun-ho,Luigi Samele,András Szatmári
,Kim Jung-hwan,Enrico Berrè,Tamás Decsi
,Gu Bon-gil,Aldo Montano,Csanád Gémesi
,,,
Women's events,,,
,,,
,,,
Event,Gold,Silver,Bronze
Individual épée,Sun Yiwen,Ana Maria Popescu,Katrina Lehis
, China, Romania, Estonia
Team épée, Estonia (EST), South Korea (KOR), Italy (ITA)
,Julia Beljajeva,Choi In-jeong,Rossella Fiamingo
,Irina Embrich,Kang Young-mi,Federica Isola
,Erika Kirpu,Lee Hye-in,Mara Navarria
,Katrina Lehis,Song Se-ra,Alberta Santuccio
Individual foil,Lee Kiefer,Inna Deriglazova,Larisa Korobeynikova
, United States, ROC, ROC
Team foil, ROC, France (FRA), Italy (ITA)
,Inna Deriglazova,Anita Blaze,Martina Batini
,Larisa Korobeynikova,Astrid Guyart,Erica Cipressa
,Marta Martyanova,Pauline Ranvier,Arianna Errigo
,Adelina Zagidullina,Ysaora Thibus,Alice Volpi
Individual sabre,Sofia Pozdniakova,Sofya Velikaya,Manon Brunet
, ROC, ROC, France
Team sabre, ROC, France (FRA), South Korea (KOR)
,Olga Nikitina,Sara Balzer,Kim Ji-yeon
,Sofia Pozdniakova,Cécilia Berder,Yoon Ji-su
,Sofya Velikaya,Manon Brunet,Seo Ji-yeon
,,Charlotte Lembach,Choi Soo-yeon
,,,
Field hockey,,,
,,,
See also: Field hockey at the 2020 Summer Olympics,,,
,,,
Event,Gold,Silver,Bronze
Men, Belgium (BEL), Australia (AUS), India (IND)
,Gauthier Boccard,Daniel Beale,Dilpreet Singh
,Tom Boon,Joshua Beltz,Rupinder Pal Singh
,Thomas Briels,Tim Brand,Surender Kumar
,Cédric Charlier,Andrew Charter,Manpreet Singh
,Félix Denayer,Tom Craig,Hardik Singh
,Nicolas De Kerpel,Matt Dawson,Gurjant Singh
,Arthur De Sloover,Blake Govers,Simranjeet Singh
,Sébastien Dockier,Jeremy Hayward,Mandeep Singh
,John-John Dohmen,Tim Howard,Harmanpreet Singh
,Simon Gougnard,Dylan Martin,Lalit Upadhyay
,Alexander Hendrickx,Trent Mitton,P. R. Sreejesh
,Antoine Kina,Eddie Ockenden,Sumit
,Loïck Luypaert,Flynn Ogilvie,Nilakanta Sharma
,Augustin Meurmans,Lachlan Sharp,Shamsher Singh
,Victor Wegnez,Joshua Simmonds,Varun Kumar
,Vincent Vanasch,Jacob Whetton,Birendra Lakra
,Florent Van Aubel,Tom Wickham,Amit Rohidas
,Arthur Van Doren,Aran Zalewski,Vivek Prasad
Women, Netherlands (NED), Argentina (ARG), Great Britain (GBR)
,Felice Albers,Agustina Albertarrio,Giselle Ansley
,Eva de Goede,Agostina Alonso,Grace Balsdon
,Xan de Waard,Noel Barrionuevo,Amy Costello
,Marloes Keetels,Valentina Costa Biondi,Fiona Crackles
,Josine Koning,Emilia Forcherio,Sarah Haycroft
,Sanne Koolen,Agustina Gorzelany,Maddie Hinch
,Laurien Leurink,María José Granatto,Sarah Jones
,Frédérique Matla,Victoria Granatto,Hannah Martin
,Freeke Moes,Julieta Jankunas,Shona McCallin
,Laura Nunnink,Sofía Maccari,Lily Owsley
,Malou Pheninckx,Delfina Merino,Hollie Webb
,Pien Sanders,Valentina Raposo,Isabelle Petter
,Lauren Stam,Rocío Sánchez Moccia,Ellie Rayer
,Margot van Geffen,Micaela Retegui,Sarah Robertson
,Stella van Gils,Victoria Sauze,Anna Toman
,Caia van Maasakker,Belén Succi,Susannah Townsend
,Maria Verschoor,Sofía Toccalino,Laura Unsworth
,Lidewij Welten,Eugenia Trinchinetti,Leah Wilkinson
,,,
Football,,,
,,,
See also: Football at the 2020 Summer Olympics,,,
,,,
Event,Gold,Silver,Bronze
Men, Brazil (BRA), Spain (ESP), Mexico (MEX)
,Santos,Unai Simón,Luis Malagón
,Gabriel Menino,Óscar Mingueza,Jorge Sánchez
,Diego Carlos,Marc Cucurella,César Montes
,Ricardo Graça,Pau Torres,Jesús Alberto Angulo
,Douglas Luiz,Jesús Vallejo,Johan Vásquez
,Guilherme Arana,Martín Zubimendi,Vladimir Loroña
,Paulinho,Marco Asensio,Luis Romo
,Bruno Guimarães,Mikel Merino,Carlos Rodríguez
,Matheus Cunha,Rafa Mir,Henry Martín
,Richarlison,Dani Ceballos,Diego Lainez
,Antony,Mikel Oyarzabal,Alexis Vega
,Brenno,Eric García,Adrián Mora
,Dani Alves,Álvaro Fernández,Guillermo Ochoa
,Bruno Fuchs,Carlos Soler,Érick Aguirre
,Nino,Jon Moncayola,Uriel Antuna
,Abner,Pedri,José Joaquín Esquivel
,Malcom,Javi Puado,Sebastián Córdova
,Matheus Henrique,Óscar Gil,Eduardo Aguirre
,Reinier Jesus,Dani Olmo,Ricardo Angulo
,Claudinho,Juan Miranda,Fernando Beltrán
,Gabriel Martinelli,Bryan Gil,Roberto Alvarado
,Lucão,Iván Villar,Sebastián Jurado
Women, Canada (CAN), Sweden (SWE), United States (USA)
,Stephanie Labbé,Hedvig Lindahl,Alyssa Naeher
,Allysha Chapman,Jonna Andersson,Crystal Dunn
,Kadeisha Buchanan,Emma Kullberg,Sam Mewis
,Shelina Zadorsky,Hanna Glas,Becky Sauerbrunn
,Quinn,Hanna Bennison,Kelley O'Hara
,Deanne Rose,Magdalena Eriksson,Kristie Mewis
,Julia Grosso,Madelen Janogy,Tobin Heath
,Jayde Riviere,Lina Hurtig,Julie Ertz
,Adriana Leon,Kosovare Asllani,Lindsey Horan
,Ashley Lawrence,Sofia Jakobsson,Carli Lloyd
,Desiree Scott,Stina Blackstenius,Christen Press
,Christine Sinclair,Jennifer Falk,Tierna Davidson
,Évelyne Viens,Amanda Ilestedt,Alex Morgan
,Vanessa Gilles,Nathalie Björn,Emily Sonnett
,Nichelle Prince,Olivia Schough,Megan Rapinoe
,Janine Beckie,Filippa Angeldal,Rose Lavelle
,Jessie Fleming,Caroline Seger,Abby Dahlkemper
,Kailen Sheridan,Fridolina Rolfö,Adrianna Franch
,Jordyn Huitema,Anna Anvegård,Catarina Macario
,Sophie Schmidt,Julia Roddar,Casey Krueger
,Gabrielle Carle,Rebecka Blomqvist,Lynn Williams
,Erin McLeod,Zećira Mušović,Jane Campbell
,,,
Golf,,,
,,,
See also: Golf at the 2020 Summer Olympics,,,
,,,
Event,Gold,Silver,Bronze
Men's individual,Xander Schauffele,Rory Sabbatini,Pan Cheng-tsung
, United States, Slovakia, Chinese Taipei
Women's individual,Nelly Korda,Mone Inami,Lydia Ko
, United States, Japan, New Zealand
,,,
Gymnastics,,,
,,,
See also: Gymnastics at the 2020 Summer Olympics,,,
Artistic gymnastics,,,
,,,
Men's events,,,
,,,
,,,
Event,Gold,Silver,Bronze
Team all-around, ROC, Japan (JPN), China (CHN)
,Denis Ablyazin,Daiki Hashimoto,Lin Chaopan
,David Belyavskiy,Kazuma Kaya,Sun Wei
,Artur Dalaloyan,Takeru Kitazono,Xiao Ruoteng
,Nikita Nagornyy,Wataru Tanigawa,Zou Jingyuan
Individual all-around,Daiki Hashimoto,Xiao Ruoteng,Nikita Nagornyy
, Japan, China, ROC
Floor exercise,Artem Dolgopyat,Rayderley Zapata,Xiao Ruoteng
, Israel, Spain, China
Pommel horse,Max Whitlock,Lee Chih-kai,Kazuma Kaya
, Great Britain, Chinese Taipei, Japan
Rings,Liu Yang,You Hao,Eleftherios Petrounias
, China, China, Greece
Vault,Shin Jea-hwan,Denis Ablyazin,Artur Davtyan
, South Korea, ROC, Armenia
Parallel bars,Zou Jingyuan,Lukas Dauser,Ferhat Arıcan
, China, Germany, Turkey
Horizontal bar,Daiki Hashimoto,Tin Srbić,Nikita Nagornyy
, Japan, Croatia, ROC
,,,
Women's events,,,
,,,
,,,
Event,Gold,Silver,Bronze
Team all-around, ROC, United States (USA), Great Britain (GBR)
,Lilia Akhaimova,Simone Biles,Jennifer Gadirova
,Viktoria Listunova,Jordan Chiles,Jessica Gadirova
,Angelina Melnikova,Sunisa Lee,Alice Kinsella
,Vladislava Urazova,Grace McCallum,Amelie Morgan
Individual all-around,Sunisa Lee,Rebeca Andrade,Angelina Melnikova
, United States, Brazil, ROC
Vault,Rebeca Andrade,MyKayla Skinner,Yeo Seo-jeong
, Brazil, United States, South Korea
Uneven bars,Nina Derwael,Anastasia Ilyankova,Sunisa Lee
, Belgium, ROC, United States
Balance beam,Guan Chenchen,Tang Xijing,Simone Biles
, China, China, United States
Floor exercise,Jade Carey,Vanessa Ferrari,Mai Murakami
, United States, Italy, Japan
Angelina Melnikova,,,
 ROC,,,
,,,
Rhythmic gymnastics,,,
,,,
,,,
Event,Gold,Silver,Bronze
Group, Bulgaria (BUL), ROC, Italy (ITA)
,Simona Dyankova,Anastasia Bliznyuk,Martina Centofanti
,Stefani Kiryakova,Anastasia Maksimova,Agnese Duranti
,Madlen Radukanova,Angelina Shkatova,Alessia Maurelli
,Laura Traets,Anastasia Tatareva,Daniela Mogurean
,Erika Zafirova,Alisa Tishchenko,Martina Santandrea
Individual all-around,Linoy Ashram,Dina Averina,Alina Harnasko
, Israel, ROC, Belarus
,,,
Trampoline,,,
,,,
,,,
Event,Gold,Silver,Bronze
Men's individual,Ivan Litvinovich,Dong Dong,Dylan Schmidt
, Belarus, China, New Zealand
Women's individual,Zhu Xueying,Liu Lingling,Bryony Page
, China, China, Great Britain
,,,
Handball,,,
,,,
See also: Handball at the 2020 Summer Olympics,,,
,,,
Event,Gold,Silver,Bronze
Men's tournament, France, Denmark, Spain
,Luc Abalo,Lasse Andersson,Julen Aguinagalde
,Hugo Descat,Mathias Gidsel,Rodrigo Corrales
,Ludovic Fabregas,Jóhan Hansen,Alex Dujshebaev
,Yann Genty,Mikkel Hansen,Raúl Entrerríos
,Vincent Gérard,Jacob Holm,Ángel Fernández
,Michaël Guigou,Emil Jakobsen,Adrià Figueras
,Luka Karabatic,Niklas Landin Jacobsen,Antonio García Robledo
,Nikola Karabatić,Magnus Landin Jacobsen,Aleix Gómez
,Romain Lagarde,Mads Mensah Larsen,Gedeón Guardiola
,Kentin Mahé,Kevin Møller,Eduardo Gurbindo
,Dika Mem,Henrik Møllgaard,Jorge Maqueda
,Timothey N'Guessan,Morten Olsen,Viran Morros
,Valentin Porte,Magnus Saugstrup,Gonzalo Pérez de Vargas
,Nedim Remili,Lasse Svan,Miguel Sánchez-Migallón
,Melvyn Richardson,Henrik Toft Hansen,Daniel Sarmiento
,Nicolas Tournat,,Ferran Solé
Women's tournament, France, ROC, Norway
,Méline Nocandy,Anna Sedoykina,Henny Reistad
,Blandine Dancette,Polina Kuznetsova,Veronica Kristiansen
,Pauline Coatanea,Polina Gorshkova,Marit Malm Frafjord
,Chloé Valentini,Daria Dmitrieva,Stine Skogrand
,Allison Pineau,Anna Sen,Nora Mørk
,Coralie Lassource,Anna Vyakhireva,Stine Bredal Oftedal
,Grâce Zaadi Deuna,Polina Vedekhina,Silje Solberg
,Amandine Leynaud,Vladlena Bobrovnikova,Kari Brattset Dale
,Kalidiatou Niakaté,Kseniya Makeyeva,Katrine Lunde
,Cléopatre Darleux,Elena Mikhaylichenko,Marit Røsberg Jacobsen
,Océane Sercien-Ugolin,Olga Fomina,Camilla Herrem
,Laura Flippes,Yekaterina Ilyina,Sanna Solberg-Isaksen
,Béatrice Edwige,Yulia Managarova,Kristine Breistøl
,Pauletta Foppa,Antonina Skorobogatchenko,Marta Tomac
,Estelle Nze Minko,Victoriya Kalinina,Vilde Johansen
,Alexandra Lacrabère,,
,,,
Judo,,,
,,,
See also: Judo at the 2020 Summer Olympics,,,
Men's events,,,
,,,
,,,
Event,Gold,Silver,Bronze
Extra-lightweight (60 kg),Naohisa Takato,Yang Yung-wei,Yeldos Smetov
, Japan, Chinese Taipei, Kazakhstan
Luka Mkheidze,,,
 France,,,
Half-lightweight (66 kg),Hifumi Abe,Vazha Margvelashvili,An Ba-ul
, Japan, Georgia, South Korea
Daniel Cargnin,,,
 Brazil,,,
Lightweight (73 kg),Shohei Ono,Lasha Shavdatuashvili,An Chang-rim
, Japan, Georgia, South Korea
Tsend-Ochiryn Tsogtbaatar,,,
 Mongolia,,,
Half-middleweight (81 kg),Takanori Nagase,Saeid Mollaei,Shamil Borchashvili
, Japan, Mongolia, Austria
Matthias Casse,,,
 Belgium,,,
Middleweight (90 kg),Lasha Bekauri,Eduard Trippel,Davlat Bobonov
, Georgia, Germany, Uzbekistan
Krisztián Tóth,,,
 Hungary,,,
Half-heavyweight (100 kg),Aaron Wolf,Cho Gu-ham,Jorge Fonseca
, Japan, South Korea, Portugal
Niyaz Ilyasov,,,
 ROC,,,
Heavyweight (+100 kg),Lukáš Krpálek,Guram Tushishvili,Teddy Riner
, Czech Republic, Georgia, France
Tamerlan Bashaev,,,
 ROC,,,
,,,
Women's events,,,
,,,
,,,
Event,Gold,Silver,Bronze
Extra-lightweight (48 kg),Distria Krasniqi,Funa Tonaki,Daria Bilodid
, Kosovo, Japan, Ukraine
Mönkhbatyn Urantsetseg,,,
 Mongolia,,,
Half-lightweight (52 kg),Uta Abe,Amandine Buchard,Odette Giuffrida
, Japan, France, Italy
Chelsie Giles,,,
 Great Britain,,,
Lightweight (57 kg),Nora Gjakova,Sarah-Léonie Cysique,Jessica Klimkait
, Kosovo, France, Canada
Tsukasa Yoshida,,,
 Japan,,,
Half-middleweight (63 kg),Clarisse Agbegnenou,Tina Trstenjak,Maria Centracchio
, France, Slovenia, Italy
Catherine Beauchemin-Pinard,,,
 Canada,,,
Middleweight (70 kg),Chizuru Arai,Michaela Polleres,Madina Taimazova
, Japan, Austria, ROC
Sanne van Dijke,,,
 Netherlands,,,
Half-heavyweight (78 kg),Shori Hamada,Madeleine Malonga,Anna-Maria Wagner
, Japan, France, Germany
Mayra Aguiar,,,
 Brazil,,,
Heavyweight (+78 kg),Akira Sone,Idalys Ortiz,Iryna Kindzerska
, Japan, Cuba, Azerbaijan
Romane Dicko,,,
 France,,,
,,,
Mixed events,,,
,,,
,,,
Event,Gold,Silver,Bronze
Mixed team, France (FRA), Japan (JPN), Germany (GER)
,Clarisse Agbegnenou,Hifumi Abe,Johannes Frey
,Amandine Buchard,Uta Abe,Karl-Richard Frey
,Guillaume Chaine,Chizuru Arai,Jasmin Grabowski
,Axel Clerget,Shori Hamada,Katharina Menz
,Sarah-Léonie Cysique,Hisayoshi Harasawa,Dominic Ressel
,Romane Dicko,Shoichiro Mukai,Giovanna Scoccimarro
,Alexandre Iddir,Takanori Nagase,Sebastian Seidl
,Kilian Le Blouch,Shohei Ono,Theresa Stoll
,Madeleine Malonga,Akira Sone,Martyna Trajdos
,Margaux Pinot,Miku Tashiro,Eduard Trippel
,Teddy Riner,Aaron Wolf,Anna-Maria Wagner
,,Tsukasa Yoshida,Igor Wandtke
 Israel (ISR),,,
Tohar Butbul,,,
Raz Hershko,,,
Li Kochman,,,
Inbar Lanir,,,
Sagi Muki,,,
Timna Nelson-Levy,,,
Peter Paltchik,,,
Shira Rishony,,,
Or Sasson,,,
Gili Sharir,,,
Baruch Shmailov,,,
,,,
Karate,,,
,,,
See also: Karate at the 2020 Summer Olympics,,,
Men's events,,,
,,,
,,,
Event,Gold,Silver,Bronze
Kata,Ryo Kiyuna,Damián Quintero,Ariel Torres
, Japan, Spain, United States
Ali Sofuoğlu,,,
 Turkey,,,
67 kg,Steven Da Costa,Eray Şamdan,Darkhan Assadilov
, France, Turkey, Kazakhstan
Abdelrahman Al-Masatfa,,,
 Jordan,,,
75 kg,Luigi Busà,Rafael Aghayev,Gábor Hárspataki
, Italy, Azerbaijan, Hungary
Stanislav Horuna,,,
 Ukraine,,,
+75 kg,Sajjad Ganjzadeh,Tareg Hamedi,Ryutaro Araga
, Iran, Saudi Arabia, Japan
Uğur Aktaş,,,
 Turkey,,,
,,,
Women's events,,,
,,,
,,,
Event,Gold,Silver,Bronze
Kata,Sandra Sánchez,Kiyou Shimizu,Grace Lau
, Spain, Japan, Hong Kong
Viviana Bottaro,,,
 Italy,,,
55 kg,Ivet Goranova,Anzhelika Terliuga,Bettina Plank
, Bulgaria, Ukraine, Austria
Wen Tzu-yun,,,
 Chinese Taipei,,,
61 kg,Jovana Preković,Yin Xiaoyan,Giana Farouk
, Serbia, China, Egypt
Merve Çoban,,,
 Turkey,,,
+61 kg,Feryal Abdelaziz,Irina Zaretska,Gong Li
, Egypt, Azerbaijan, China
Sofya Berultseva,,,
 Kazakhstan,,,
,,,
Modern pentathlon,,,
,,,
See also: Modern pentathlon at the 2020 Summer Olympics,,,
,,,
Event,Gold,Silver,Bronze
Men's,Joe Choong,Ahmed El-Gendy,Jun Woong-tae
, Great Britain, Egypt, South Korea
Women's,Kate French,Laura Asadauskaitė,Sarolta Kovács
, Great Britain, Lithuania, Hungary
,,,
Rowing,,,
,,,
See also: Rowing at the 2020 Summer Olympics,,,
Men's events,,,
,,,
,,,
Event,Gold,Silver,Bronze
Single sculls,Stefanos Ntouskos,Kjetil Borch,Damir Martin
, Greece, Norway, Croatia
Double sculls,Hugo Boucheron,Melvin Twellaar,Liu Zhiyu
,and Matthieu Androdias,and Stef Broenink,and Zhang Liang
, France, Netherlands, China
Quadruple sculls, Netherlands (NED), Great Britain (GBR), Australia (AUS)
,Dirk Uittenbogaard,Harry Leask,Jack Cleary
,Abe Wiersma,Angus Groom,Caleb Antill
,Tone Wieten,Tom Barras,Cameron Girdlestone
,Koen Metsemakers,Jack Beaumont,Luke Letcher
Coxless pair,Martin Sinković,Marius Cozmiuc,Frederic Vystavel
,and Valent Sinković,and Ciprian Tudosă,and Joachim Sutton
, Croatia, Romania, Denmark
Coxless four, Australia (AUS), Romania (ROU), Italy (ITA)
,Alexander Purnell,Mihăiță Țigănescu,Matteo Castaldo
,Spencer Turrin,Mugurel Semciuc,Marco Di Costanzo
,Jack Hargreaves,Ștefan Berariu,Matteo Lodo
,Alexander Hill,Cosmin Pascari,Giuseppe Vicino
,,,Bruno Rosetti[2]
Coxed eight, New Zealand (NZL), Germany (GER), Great Britain (GBR)
,Tom Mackintosh,Johannes Weißenfeld,Josh Bugajski
,Hamish Bond,Laurits Follert,Jacob Dawson
,Tom Murray,Olaf Roggensack,Thomas George
,Michael Brake,Torben Johannesen,Moe Sbihi
,Dan Williamson,Jakob Schneider,Charles Elwes
,Phillip Wilson,Malte Jakschik,Oliver Wynne-Griffith
,Shaun Kirkham,Richard Schmidt,James Rudkin
,Matt Macdonald,Hannes Ocik,Thomas Ford
,Sam Bosworth,Martin Sauer,Henry Fieldman
Lightweight double sculls,Fintan McCarthy,Jonathan Rommelmann,Stefano Oppo
,and Paul O'Donovan,and Jason Osborne,and Pietro Ruta
, Ireland, Germany, Italy
,,,
Women's events,,,
,,,
,,,
Event,Gold,Silver,Bronze
Single sculls,Emma Twigg,Hanna Prakatsen,Magdalena Lobnig
, New Zealand, ROC, Austria
Double sculls,Nicoleta-Ancuța Bodnar,Brooke Donoghue,Roos de Jong
,and Simona Radiș,and Hannah Osborne,and Lisa Scheenaard
, Romania, New Zealand, Netherlands
Quadruple sculls, China (CHN), Poland (POL), Australia (AUS)
,Chen Yunxia,Agnieszka Kobus,Ria Thompson
,Zhang Ling,Marta Wieliczko,Rowena Meredith
,Lü Yang,Maria Sajdak,Harriet Hudson
,Cui Xiaotong,Katarzyna Zillmann,Caitlin Cronin
Coxless pair,Grace Prendergast,Vasilisa Stepanova,Caileigh Filmer
,and Kerri Gowler,and Elena Oriabinskaia,and Hillary Janssens
, New Zealand, ROC, Canada
Coxless four, Australia (AUS), Netherlands (NED), Ireland (IRL)
,Lucy Stephan,Ellen Hogerwerf,Aifric Keogh
,Rosemary Popa,Karolien Florijn,Eimear Lambe
,Jessica Morrison,Ymkje Clevering,Fiona Murtagh
,Annabelle McIntyre,Veronique Meester,Emily Hegarty
Coxed eight, Canada (CAN), New Zealand (NZL), China (CHN)
,Susanne Grainger,Ella Greenslade,Guo Linlin
,Kasia Gruchalla-Wesierski,Emma Dyke,Ju Rui
,Madison Mailey,Lucy Spoors,Li Jingjing
,Sydney Payne,Kelsey Bevan,Miao Tian
,Andrea Proske,Grace Prendergast,Wang Zifeng
,Lisa Roman,Kerri Gowler,Wang Yuwei
,Christine Roper,Beth Ross,Xu Fei
,Avalon Wasteneys,Jackie Gowler,Zhang Min
,Kristen Kit,Caleb Shepherd,Zhang Dechang
Lightweight double sculls,Valentina Rodini,Laura Tarantola,Marieke Keijser
,and Federica Cesarini,and Claire Bové,and Ilse Paulis
, Italy, France, Netherlands
,,,
Rugby sevens,,,
,,,
See also: Rugby sevens at the 2020 Summer Olympics,,,
,,,
Event,Gold,Silver,Bronze
Men's tournament, Fiji (FIJ), New Zealand (NZL), Argentina (ARG)
,Napolioni Bolaca,Kurt Baker,Santiago Álvarez
,Vilimoni Botitu,Dylan Collier,Lautaro Bazán
,Meli Derenalagi,Scott Curry,Lucio Cinti
,Sireli Maqala,Andrew Knewstubb,Felipe del Mestre
,Iosefo Masi,Ngarohi McGarvey-Black,Rodrigo Etchart
,Waisea Nacuqu,Tim Mikkelson,Luciano González
,Kalione Nasoko,Sione Molia,Rodrigo Isgro
,Semi Radradra,Etene Nanai-Seturo,Santiago Mare
,Aminiasi Tuimaba,Tone Ng Shiu,Ignacio Mendy
,Asaeli Tuivuaka,Amanaki Nicole,Marcos Moneta
,Jerry Tuwai,William Warbrick,Matías Osadczuk
,Josua Vakurunabili,Regan Ware,Gastón Revol
,Jiuta Wainiqolo,Joe Webber,Germán Schulz
Women's tournament, New Zealand (NZL), France (FRA), Fiji (FIJ)
,Michaela Blyde,Coralie Bertrand,Lavena Cavuru
,Kelly Brazier,Anne-Cécile Ciofani,Raijieli Daveua
,Gayle Broughton,Caroline Drouin,Sesenieli Donu
,Theresa Fitzpatrick,Camille Grassineau,Laisana Likuceva
,Stacey Fluhler,Lina Guérin,Rusila Nagasau
,Sarah Hirini,Fanny Horta,Ana Naimasi
,Shiray Kaka,Shannon Izar,Alowesi Nakoci
,Tyla Nathan-Wong,Chloé Jacquet,Roela Radiniyavuni
,Risi Pouri-Lane,Carla Neisen,Viniana Riwai
,Alena Saili,Séraphine Okemba,Ana Maria Roqica
,Ruby Tui,Chloé Pelle,Vasiti Solikoviti
,Tenika Willison,Jade Ulutule,Lavenia Tinai
,Portia Woodman,,Reapi Ulunisau
,,,
Sailing,,,
,,,
See also: Sailing at the 2020 Summer Olympics,,,
Men's events,,,
,,,
,,,
Event,Gold,Silver,Bronze
Sailboard – RS:X,Kiran Badloe,Thomas Goyard,Bi Kun
, Netherlands, France, China
One-person dinghy – Laser,Matthew Wearn,Tonči Stipanović,Hermann Tomasgaard
, Australia, Croatia, Norway
One-person heavyweight dinghy – Finn,Giles Scott,Zsombor Berecz,Joan Cardona Méndez
, Great Britain, Hungary, Spain
Two-person dinghy – 470, Australia (AUS), Sweden (SWE), Spain (ESP)
,Mathew Belcher,Anton Dahlberg,Jordi Xammar
,William Ryan,Fredrik Bergström,Nicolás Rodríguez
Skiff – 49er, Great Britain (GBR), New Zealand (NZL), Germany (GER)
,Dylan Fletcher,Peter Burling,Erik Heil
,Stuart Bithell,Blair Tuke,Thomas Plößel
,,,
Women's events,,,
,,,
,,,
Event,Gold,Silver,Bronze
Sailboard – RS:X,Lu Yunxiu,Charline Picon,Emma Wilson
, China, France, Great Britain
One-person dinghy – Laser Radial,Anne-Marie Rindom,Josefin Olsson,Marit Bouwmeester
, Denmark, Sweden, Netherlands
Two-person dinghy – 470, Great Britain (GBR), Poland (POL), France (FRA)
,Hannah Mills,Agnieszka Skrzypulec,Camille Lecointre
,Eilidh McIntyre,Jolanta Ogar-Hill,Aloïse Retornaz
Skiff – 49er FX, Brazil (BRA), Germany (GER), Netherlands (NED)
,Martine Grael,Tina Lutz,Annemiek Bekkering
,Kahena Kunze,Susann Beucke,Annette Duetz
,,,
Mixed events,,,
,,,
,,,
Event,Gold,Silver,Bronze
Multihull – Nacra 17, Italy (ITA), Great Britain (GBR), Germany (GER)
,Ruggero Tita,John Gimson,Paul Kohlhoff
,Caterina Banti,Anna Burnet,Alica Stuhlemmer
,,,
Shooting,,,
,,,
See also: Shooting at the 2020 Summer Olympics,,,
Men's events,,,
,,,
,,,
Event,Gold,Silver,Bronze
10 metre air pistol,Javad Foroughi,Damir Mikec,Pang Wei
, Iran, Serbia, China
25 metre rapid fire pistol,Jean Quiquampoix,Leuris Pupo,Li Yuehong
, France, Cuba, China
10 metre air rifle,Will Shaner,Sheng Lihao,Yang Haoran
, United States, China, China
50 metre rifle three positions,Zhang Changhong,Sergey Kamenskiy,Milenko Sebić
, China, ROC, Serbia
Skeet,Vincent Hancock,Jesper Hansen,Abdullah Al-Rashidi
, United States, Denmark, Kuwait
Trap,Jiří Lipták,David Kostelecký,Matthew Coward-Holley
, Czech Republic, Czech Republic, Great Britain
,,,
Women's events,,,
,,,
,,,
Event,Gold,Silver,Bronze
10 metre air pistol,Vitalina Batsarashkina,Antoaneta Kostadinova,Jiang Ranxin
, ROC, Bulgaria, China
25 metre pistol,Vitalina Batsarashkina,Kim Min-jung,Xiao Jiaruixuan
, ROC, South Korea, China
10 metre air rifle,Yang Qian,Anastasiia Galashina,Nina Christen
, China, ROC, Switzerland
50 metre rifle three positions,Nina Christen,Yulia Zykova,Yulia Karimova
, Switzerland, ROC, ROC
Skeet,Amber English,Diana Bacosi,Wei Meng
, United States, Italy, China
Trap,Zuzana Rehák-Štefečeková,Kayle Browning,Alessandra Perilli
, Slovakia, United States, San Marino
,,,
Mixed events,,,
,,,
,,,
Event,Gold,Silver,Bronze
10 metre air pistol team, China, ROC, Ukraine
,Jiang Ranxin,Vitalina Batsarashkina,Olena Kostevych
,Pang Wei,Artem Chernousov,Oleh Omelchuk
10 metre air rifle team, China, United States, ROC
,Yang Qian,Mary Tucker,Yulia Karimova
,Yang Haoran,Lucas Kozeniesky,Sergey Kamenskiy
Trap team, Spain, San Marino, United States
,Alberto Fernández,Gian Marco Berti,Brian Burrows
,Fátima Gálvez,Alessandra Perilli,Madelynn Bernau
,,,
Skateboarding,,,
,,,
See also: Skateboarding at the 2020 Summer Olympics,,,
,,,
Event,Gold,Silver,Bronze
Men's park,Keegan Palmer,Pedro Barros,Cory Juneau
, Australia, Brazil, United States
Women's park,Sakura Yosozumi,Kokona Hiraki,Sky Brown
, Japan, Japan, Great Britain
Men's street,Yuto Horigome,Kelvin Hoefler,Jagger Eaton
, Japan, Brazil, United States
Women's street,Momiji Nishiya,Rayssa Leal,Funa Nakayama
, Japan, Brazil, Japan
,,,
Sport climbing,,,
,,,
See also: Sport climbing at the 2020 Summer Olympics,,,
,,,
Event,Gold,Silver,Bronze
Men's combined,Alberto Ginés López,Nathaniel Coleman,Jakob Schubert
, Spain, United States, Austria
Women's combined,Janja Garnbret,Miho Nonaka,Akiyo Noguchi
, Slovenia, Japan, Japan
,,,
Softball,,,
,,,
See also: Softball at the 2020 Summer Olympics,,,
,,,
Event,Gold,Silver,Bronze
Women, Japan (JPN), United States (USA), Canada (CAN)
,Haruka Agatsuma,Ali Aguilar,Jenna Caira
,Mana Atsumi,Monica Abbott,Emma Entzminger
,Yamato Fujita,Valerie Arioto,Larissa Franklin
,Miu Goto,Ally Carda,Jennifer Gilbert
,Nodoka Harada,Amanda Chidester,Sara Groenewegen
,Yuka Ichiguchi,Rachel Garcia,Kelsey Harshman
,Hitomi Kawabata,Haylie McCleney,Victoria Hayward
,Nayu Kiyohara,Michelle Moultrie,Danielle Lawrie
,Yukiyo Mine,Dejah Mulipola,Janet Leung
,Sayaka Mori,Aubree Munro,Joey Lye
,Minori Naito,Bubba Nickles,Erika Polidori
,Yukiko Ueno,Cat Osterman,Kaleigh Rafter
,Saki Yamazaki,Jeanie Reed,Lauren Bay-Regula
,Eri Yamada,Delaney Spaulding,Jennifer Salling
,Yu Yamamoto,Kelsey Stewart,Natalie Wideman
,,,
Surfing,,,
,,,
See also: Surfing at the 2020 Summer Olympics,,,
,,,
Event,Gold,Silver,Bronze
Men's shortboard,Ítalo Ferreira,Kanoa Igarashi,Owen Wright
, Brazil, Japan, Australia
Women's shortboard,Carissa Moore,Bianca Buitendag,Amuro Tsuzuki
, United States, South Africa, Japan
,,,
Swimming,,,
,,,
See also: Swimming at the 2020 Summer Olympics,,,
Men's events,,,
,,,
,,,
Event,Gold,Silver,Bronze
50 m freestyle,Caeleb Dressel,Florent Manaudou,Bruno Fratus
, United States, France, Brazil
100 m freestyle,Caeleb Dressel,Kyle Chalmers,Kliment Kolesnikov
, United States, Australia, ROC
200 m freestyle,Tom Dean,Duncan Scott,Fernando Scheffer
, Great Britain, Great Britain, Brazil
400 m freestyle,Ahmed Hafnaoui,Jack McLoughlin,Kieran Smith
, Tunisia, Australia, United States
800 m freestyle,Bobby Finke,Gregorio Paltrinieri,Mykhailo Romanchuk
, United States, Italy, Ukraine
1500 m freestyle,Bobby Finke,Mykhailo Romanchuk,Florian Wellbrock
, United States, Ukraine, Germany
100 m backstroke,Evgeny Rylov,Kliment Kolesnikov,Ryan Murphy
, ROC, ROC, United States
200 m backstroke,Evgeny Rylov,Ryan Murphy,Luke Greenbank
, ROC, United States, Great Britain
100 m breaststroke,Adam Peaty,Arno Kamminga,Nicolò Martinenghi
, Great Britain, Netherlands, Italy
200 m breaststroke,Zac Stubblety-Cook,Arno Kamminga,Matti Mattsson
, Australia, Netherlands, Finland
100 m butterfly,Caeleb Dressel,Kristóf Milák,Noè Ponti
, United States, Hungary, Switzerland
200 m butterfly,Kristóf Milák,Tomoru Honda,Federico Burdisso
, Hungary, Japan, Italy
200 m individual medley,Wang Shun,Duncan Scott,Jérémy Desplanches
, China, Great Britain, Switzerland
400 m individual medley,Chase Kalisz,Jay Litherland,Brendon Smith
, United States, United States, Australia
4 × 100 m freestyle relay, United States (USA), Italy (ITA), Australia (AUS)
,Caeleb Dressel,Alessandro Miressi,Matthew Temple
,Blake Pieroni,Thomas Ceccon,Zac Incerti
,Bowe Becker,Lorenzo Zazzeri,Alexander Graham
,Zach Apple,Manuel Frigo,Kyle Chalmers
,Brooks Curry,Santo Condorelli,Cameron McEvoy
4 × 200 m freestyle relay, Great Britain (GBR), ROC, Australia (AUS)
,Tom Dean,Martin Malyutin,Alexander Graham
,James Guy,Ivan Girev,Kyle Chalmers
,Matthew Richards,Evgeny Rylov,Zac Incerti
,Duncan Scott,Mikhail Dovgalyuk,Thomas Neill
,Calum Jarvis,Aleksandr Krasnykh,Mack Horton
,,Mikhail Vekovishchev,Elijah Winnington
4 × 100 m medley relay, United States (USA), Great Britain (GBR), Italy (ITA)
,Ryan Murphy,Luke Greenbank,Thomas Ceccon
,Michael Andrew,Adam Peaty,Nicolò Martinenghi
,Caeleb Dressel,James Guy,Federico Burdisso
,Zach Apple,Duncan Scott,Alessandro Miressi
,Hunter Armstrong,James Wilby,
,Blake Pieroni,,
,Tom Shields,,
,Andrew Wilson,,
10 km open water,Florian Wellbrock,Kristóf Rasovszky,Gregorio Paltrinieri
, Germany, Hungary, Italy
,,,
Women's events,,,
,,,
,,,
Event,Gold,Silver,Bronze
50 m freestyle,Emma McKeon,Sarah Sjöström,Pernille Blume
, Australia, Sweden, Denmark
100 m freestyle,Emma McKeon,Siobhán Haughey,Cate Campbell
, Australia, Hong Kong, Australia
200 m freestyle,Ariarne Titmus,Siobhán Haughey,Penny Oleksiak
, Australia, Hong Kong, Canada
400 m freestyle,Ariarne Titmus,Katie Ledecky,Li Bingjie
, Australia, United States, China
800 m freestyle,Katie Ledecky,Ariarne Titmus,Simona Quadarella
, United States, Australia, Italy
1500 m freestyle,Katie Ledecky,Erica Sullivan,Sarah Köhler
, United States, United States, Germany
100 m backstroke,Kaylee McKeown,Kylie Masse,Regan Smith
, Australia, Canada, United States
200 m backstroke,Kaylee McKeown,Kylie Masse,Emily Seebohm
, Australia, Canada, Australia
100 m breaststroke,Lydia Jacoby,Tatjana Schoenmaker,Lilly King
, United States, South Africa, United States
200 m breaststroke,Tatjana Schoenmaker,Lilly King,Annie Lazor
, South Africa, United States, United States
100 m butterfly,Maggie Mac Neil,Zhang Yufei,Emma McKeon
, Canada, China, Australia
200 m butterfly,Zhang Yufei,Regan Smith,Hali Flickinger
, China, United States, United States
200 m individual medley,Yui Ohashi,Alexandra Walsh,Kate Douglass
, Japan, United States, United States
400 m individual medley,Yui Ohashi,Emma Weyant,Hali Flickinger
, Japan, United States, United States
4 × 100 m freestyle relay, Australia (AUS), Canada (CAN), United States (USA)
,Bronte Campbell,Kayla Sanchez,Erika Brown
,Meg Harris,Maggie Mac Neil,Abbey Weitzeil
,Emma McKeon,Rebecca Smith,Natalie Hinds
,Cate Campbell,Penny Oleksiak,Simone Manuel
,Mollie O'Callaghan,Taylor Ruck,Olivia Smoliga
,Madison Wilson,,Catie DeLoof
,,,Allison Schmitt
4 × 200 m freestyle relay, China (CHN), United States (USA), Australia (AUS)
,Yang Junxuan,Allison Schmitt,Ariarne Titmus
,Tang Muhan,Paige Madden,Emma McKeon
,Zhang Yufei,Katie McLaughlin,Madison Wilson
,Li Bingjie,Katie Ledecky,Leah Neale
,Zhang Yifan,Bella Sims,Mollie O'Callaghan
,Dong Jie,Brooke Forde,Meg Harris
,,,Brianna Throssell
,,,Tamsin Cook
4 × 100 m medley relay, Australia (AUS), United States (USA), Canada (CAN)
,Kaylee McKeown,Regan Smith,Kylie Masse
,Chelsea Hodges,Lydia Jacoby,Sydney Pickrem
,Emma McKeon,Torri Huske,Maggie Mac Neil
,Cate Campbell,Abbey Weitzeil,Penny Oleksiak
,Emily Seebohm,Rhyan White,Taylor Ruck
,Brianna Throssell,Lilly King,Kayla Sanchez
,Mollie O'Callaghan,Claire Curzan,
,,Erika Brown,
10 km open water,Ana Marcela Cunha,Sharon van Rouwendaal,Kareena Lee
, Brazil, Netherlands, Australia
,,,
Mixed events,,,
,,,
,,,
Event,Gold,Silver,Bronze
4 × 100 m medley relay, Great Britain (GBR), China (CHN), Australia (AUS)
,Kathleen Dawson,Xu Jiayu,Kaylee McKeown
,Adam Peaty,Yan Zibei,Zac Stubblety-Cook
,James Guy,Zhang Yufei,Matthew Temple
,Anna Hopkin,Yang Junxuan,Emma McKeon
,Freya Anderson,,Bronte Campbell
,,,Isaac Cooper
,,,Brianna Throssell
,,,
Table tennis,,,
,,,
See also: Table tennis at the 2020 Summer Olympics,,,
,,,
Event,Gold,Silver,Bronze
Men's singles,Ma Long,Fan Zhendong,Dimitrij Ovtcharov
, China, China, Germany
Men's team, China, Germany, Japan
,Fan Zhendong,Dimitrij Ovtcharov,Jun Mizutani
,Ma Long,Patrick Franziska,Koki Niwa
,Xu Xin,Timo Boll,Tomokazu Harimoto
Women's singles,Chen Meng,Sun Yingsha,Mima Ito
, China, China, Japan
Women's team, China, Japan, Hong Kong
,Chen Meng,Mima Ito,Doo Hoi Kem
,Sun Yingsha,Kasumi Ishikawa,Lee Ho Ching
,Wang Manyu,Miu Hirano,Minnie Soo Wai Yam
Mixed doubles, Japan, China, Chinese Taipei
,Jun Mizutani,Xu Xin,Lin Yun-ju
,Mima Ito,Liu Shiwen,Cheng I-ching
,,,
Taekwondo,,,
,,,
See also: Taekwondo at the 2020 Summer Olympics,,,
Men's events,,,
,,,
,,,
Event,Gold,Silver,Bronze
Flyweight (58 kg),Vito Dell'Aquila,Mohamed Khalil Jendoubi,Jang Jun
, Italy, Tunisia, South Korea
Mikhail Artamonov,,,
 ROC,,,
Featherweight (68 kg),Ulugbek Rashitov,Bradly Sinden,Hakan Reçber
, Uzbekistan, Great Britain, Turkey
Zhao Shuai,,,
 China,,,
Welterweight (80 kg),Maksim Khramtsov,Saleh Al-Sharabaty,Toni Kanaet
, ROC, Jordan, Croatia
Seif Eissa,,,
 Egypt,,,
Heavyweight (+80 kg),Vladislav Larin,Dejan Georgievski,In Kyo-don
, ROC, North Macedonia, South Korea
Rafael Alba,,,
 Cuba,,,
,,,
Women's events,,,
,,,
,,,
Event,Gold,Silver,Bronze
Flyweight (49 kg),Panipak Wongpattanakit,Adriana Cerezo,Tijana Bogdanović
, Thailand, Spain, Serbia
Avishag Semberg,,,
 Israel,,,
Featherweight (57 kg),Anastasija Zolotic,Tatiana Minina,Lo Chia-ling
, United States, ROC, Chinese Taipei
Hatice Kübra İlgün,,,
 Turkey,,,
Welterweight (67 kg),Matea Jelić,Lauren Williams,Ruth Gbagbi
, Croatia, Great Britain, Ivory Coast
Hedaya Malak,,,
 Egypt,,,
Heavyweight (+67 kg),Milica Mandić,Lee Da-bin,Althéa Laurin
, Serbia, South Korea, France
Bianca Walkden,,,
 Great Britain,,,
,,,
Tennis,,,
,,,
See also: Tennis at the 2020 Summer Olympics,,,
,,,
Event,Gold,Silver,Bronze
Men's singles,Alexander Zverev,Karen Khachanov,Pablo Carreño Busta
, Germany, ROC, Spain
Men's doubles,Nikola Mektić,Marin Čilić,Marcus Daniell
,and Mate Pavić,and Ivan Dodig,and Michael Venus
, Croatia, Croatia, New Zealand
Women's singles,Belinda Bencic,Markéta Vondroušová,Elina Svitolina
, Switzerland, Czech Republic, Ukraine
Women's doubles,Barbora Krejčíková,Belinda Bencic,Laura Pigossi
,and Kateřina Siniaková,and Viktorija Golubic,and Luisa Stefani
, Czech Republic, Switzerland, Brazil
Mixed doubles,Anastasia Pavlyuchenkova,Elena Vesnina,Ashleigh Barty
,and Andrey Rublev,and Aslan Karatsev,and John Peers
, ROC, ROC, Australia
,,,
Triathlon,,,
,,,
See also: Triathlon at the 2020 Summer Olympics,,,
,,,
Event,Gold,Silver,Bronze
Men's individual,Kristian Blummenfelt,Alex Yee,Hayden Wilde
, Norway, Great Britain, New Zealand
Women's individual,Flora Duffy,Georgia Taylor-Brown,Katie Zaferes
, Bermuda, Great Britain, United States
Mixed relay, Great Britain (GBR), United States (USA), France (FRA)
,Jess Learmonth,Katie Zaferes,Léonie Périault
,Jonny Brownlee,Kevin McDowell,Dorian Coninx
,Georgia Taylor-Brown,Taylor Knibb,Cassandre Beaugrand
,Alex Yee,Morgan Pearson,Vincent Luis
,,,
Volleyball,,,
,,,
See also: Volleyball at the 2020 Summer Olympics,,,
Indoor volleyball,,,
,,,
,,,
Event,Gold,Silver,Bronze
Men's indoor, France (FRA), ROC, Argentina (ARG)
,Barthélémy Chinenyeze,Yaroslav Podlesnykh,Martín Ramos
,Jenia Grebennikov (L),Artem Volvich,Federico Pereyra
,Jean Patry,Dmitry Volkov,Cristian Poglajen
,Benjamin Toniutti (c),Ivan Iakovlev,Facundo Conte
,Kévin Tillie,Denis Bogdan,Agustín Loser
,Earvin N'Gapeth,Pavel Pankov,Santiago Danani (L)
,Antoine Brizard,Viktor Poletaev,Sebastián Solé
,Stéphen Boyer,Maksim Mikhaylov,Bruno Lima
,Nicolas Le Goff,Egor Kliuka,Ezequiel Palacios
,Daryl Bultor,Ilyas Kurkaev,Luciano De Cecco (c)
,Trévor Clévenot,Igor Kobzar (c),Nicolás Méndez
,Yacine Louati,Valentin Golubev (L),Matías Sánchez
Women's indoor, United States (USA), Brazil (BRA), Serbia (SRB)
,Micha Hancock,Carol Gattaz,Bianka Buša
,Jordyn Poulter,Rosamaria Montibeller,Mina Popović
,Justine Wong-Orantes (L),Macris Carneiro,Slađana Mirković
,Jordan Larson (c),Roberta Ratzke,Brankica Mihajlović
,Annie Drews,Gabriela Guimarães,Maja Ognjenović (c)
,Jordan Thompson,Tandara Caixeta,Ana Bjelica
,Michelle Bartsch-Hackley,Natália Pereira (c),Maja Aleksić
,Kim Hill,Ana Carolina da Silva,Milena Rašić
,Foluke Akinradewo,Fernanda Garay,Silvija Popović (L)
,Haleigh Washington,Ana Cristina de Souza,Tijana Bošković
,Kelsey Robinson,Camila Brait (L),Bojana Milenković
,Chiaka Ogbogu,Ana Beatriz Corrêa,Jelena Blagojević
,,,
Beach volleyball,,,
,,,
,,,
Event,Gold,Silver,Bronze
Men's beach,Anders Mol,Viacheslav Krasilnikov,Ahmed Tijan
,and Christian Sørum,and Oleg Stoyanovskiy,and Cherif Younousse
, Norway, ROC, Qatar
Women's beach,Alix Klineman,Mariafe Artacho del Solar,Joana Heidrich
,and April Ross,and Taliqua Clancy,and Anouk Vergé-Dépré
, United States, Australia, Switzerland
,,,
Water polo,,,
,,,
See also: Water polo at the 2020 Summer Olympics,,,
,,,
Event,Gold,Silver,Bronze
Men, Serbia (SRB), Greece (GRE), Hungary (HUN)
,Gojko Pijetlović,Emmanouil Zerdevas,Dániel Angyal
,Dušan Mandić,Konstantinos Genidounias,Balázs Erdélyi
,Nikola Dedović,Dimitrios Skoumpakis,Balázs Hárai
,Sava Ranđelović,Marios Kapotsis,Norbert Hosnyánszky
,Strahinja Rašović,Ioannis Fountoulis,Szilárd Jansik
,Duško Pijetlović,Alexandros Papanastasiou,Krisztián Manhercz
,Đorđe Lazić,Georgios Dervisis,Tamás Mezei
,Milan Aleksić,Stylianos Argyropoulos,Viktor Nagy
,Nikola Jakšić,Konstantinos Mourikis,Mátyás Pásztor
,Filip Filipović,Christodoulos Kolomvos,Márton Vámos
,Andrija Prlainović,Konstantinos Gkiouvetsis,Dénes Varga
,Stefan Mitrović,Angelos Vlachopoulos,Soma Vogel
,Branislav Mitrović,Konstantinos Galanidis,Gergő Zalánki
Women, United States (USA), Spain (ESP), Hungary (HUN)
,Rachel Fattal,Marta Bach,Krisztina Garda
,Aria Fischer,Anni Espar,Edina Gangl
,Makenzie Fischer,Clara Espar,Gréta Gurisatti
,Kaleigh Gilchrist,Laura Ester,Anikó Gyöngyössy
,Stephania Haralabidis,Judith Forca,Anna Illés
,Paige Hauschild,Maica García,Rita Keszthelyi
,Ashleigh Johnson,Irene González,Dóra Leimeter
,Amanda Longan,Paula Leitón,Alda Magyari
,Maddie Musselman,Beatriz Ortiz,Rebecca Parkes
,Jamie Neushul,Pili Peña,Nataša Rybanská
,Melissa Seidemann,Elena Ruiz,Dorottya Szilágyi
,Maggie Steffens,Elena Sánchez,Gabriella Szűcs
,Alys Williams,Roser Tarragó,Vanda Vályi
,,,
Weightlifting,,,
,,,
See also: Weightlifting at the 2020 Summer Olympics,,,
Men's events,,,
,,,
,,,
Event,Gold,Silver,Bronze
61 kg,Li Fabin,Eko Yuli Irawan,Igor Son
, China, Indonesia, Kazakhstan
67 kg,Chen Lijun,Luis Javier Mosquera,Mirko Zanni
, China, Colombia, Italy
73 kg,Shi Zhiyong,Julio Mayora,Rahmat Erwin Abdullah
, China, Venezuela, Indonesia
81 kg,Lü Xiaojun,Zacarías Bonnat,Antonino Pizzolato
, China, Dominican Republic, Italy
96 kg,Fares El-Bakh,Keydomar Vallenilla,Anton Pliesnoi
, Qatar, Venezuela, Georgia
109 kg,Akbar Djuraev,Simon Martirosyan,Artūrs Plēsnieks
, Uzbekistan, Armenia, Latvia
109+ kg,Lasha Talakhadze,Ali Davoudi,Man Asaad
, Georgia, Iran, Syria
,,,
Women's events,,,
,,,
,,,
Event,Gold,Silver,Bronze
49 kg,Hou Zhihui,Saikhom Mirabai Chanu,Windy Cantika Aisah
, China, India, Indonesia
55 kg,Hidilyn Diaz,Liao Qiuyun,Zulfiya Chinshanlo
, Philippines, China, Kazakhstan
59 kg,Kuo Hsing-chun,Polina Guryeva,Mikiko Ando
, Chinese Taipei, Turkmenistan, Japan
64 kg,Maude Charron,Giorgia Bordignon,Chen Wen-huei
, Canada, Italy, Chinese Taipei
76 kg,Neisi Dajomes,Katherine Nye,Aremi Fuentes
, Ecuador, United States, Mexico
87 kg,Wang Zhouyu,Tamara Salazar,Crismery Santana
, China, Ecuador, Dominican Republic
87+ kg,Li Wenwen,Emily Campbell,Sarah Robles
, China, Great Britain, United States
,,,
Wrestling,,,
,,,
See also: Wrestling at the 2020 Summer Olympics,,,
Men's freestyle,,,
,,,
,,,
Event,Gold,Silver,Bronze
57 kg,Zaur Uguev,Ravi Kumar,Nurislam Sanayev
, ROC, India, Kazakhstan
Thomas Gilman,,,
 United States,,,
65 kg,Takuto Otoguro,Haji Aliyev,Gadzhimurad Rashidov
, Japan, Azerbaijan, ROC
Bajrang Punia,,,
 India,,,
74 kg,Zaurbek Sidakov,Mahamedkhabib Kadzimahamedau,Kyle Dake
, ROC, Belarus, United States
Bekzod Abdurakhmonov,,,
 Uzbekistan,,,
86 kg,David Taylor,Hassan Yazdani,Artur Naifonov
, United States, Iran, ROC
Myles Amine,,,
 San Marino,,,
97 kg,Abdulrashid Sadulaev,Kyle Snyder,Reineris Salas
, ROC, United States, Cuba
Abraham Conyedo,,,
 Italy,,,
125 kg,Gable Steveson,Geno Petriashvili,Amir Hossein Zare
, United States, Georgia, Iran
Taha Akgül,,,
 Turkey,,,
,,,
Men's Greco-Roman,,,
,,,
,,,
Event,Gold,Silver,Bronze
60 kg,Luis Orta,Kenichiro Fumita,Walihan Sailike
, Cuba, Japan, China
Sergey Emelin,,,
 ROC,,,
67 kg,Mohammad Reza Geraei,Parviz Nasibov,Frank Stäbler
, Iran, Ukraine, Germany
Mohamed Ibrahim El-Sayed,,,
 Egypt,,,
77 kg,Tamás Lőrincz,Akzhol Makhmudov,Shohei Yabiku
, Hungary, Kyrgyzstan, Japan
Rafig Huseynov,,,
 Azerbaijan,,,
87 kg,Zhan Beleniuk,Viktor Lőrincz,Denis Kudla
, Ukraine, Hungary, Germany
Zurab Datunashvili,,,
 Serbia,,,
97 kg,Musa Evloev,Artur Aleksanyan,Tadeusz Michalik
, ROC, Armenia, Poland
Mohammad Hadi Saravi,,,
 Iran,,,
130 kg,Mijaín López,Iakob Kajaia,Rıza Kayaalp
, Cuba, Georgia, Turkey
Sergey Semenov,,,
 ROC,,,
,,,
Women's freestyle,,,
,,,
,,,
Event,Gold,Silver,Bronze
50 kg,Yui Susaki,Sun Yanan,Mariya Stadnik
, Japan, China, Azerbaijan
Sarah Hildebrandt,,,
 United States,,,
53 kg,Mayu Mukaida,Pang Qianyu,Vanesa Kaladzinskaya
, Japan, China, Belarus
Bat-Ochiryn Bolortuyaa,,,
 Mongolia,,,
57 kg,Risako Kawai,Iryna Kurachkina,Helen Maroulis
, Japan, Belarus, United States
Evelina Nikolova,,,
 Bulgaria,,,
62 kg,Yukako Kawai,Aisuluu Tynybekova,Iryna Koliadenko
, Japan, Kyrgyzstan, Ukraine
Taybe Yusein,,,
 Bulgaria,,,
68 kg,Tamyra Mensah-Stock,Blessing Oborududu,Alla Cherkasova
, United States, Nigeria, Ukraine
Meerim Zhumanazarova,,,
 Kyrgyzstan,,,
76 kg,Aline Rotter-Focken,Adeline Gray,Yasemin Adar
, Germany, United States, Turkey
Zhou Qian,,,
 China,,,